"LNclump","LNrnd","LSclump","LSrnd","NBclump","NBrnd"
0,0,0.71,0.288333333333333,0.00166666666666667,0
0,0,0.272581429265921,0.598937426210154,0.0833391207722759,0.0451420237516494
0,0,0.931806036721179,0.0650542202228338,0,0.00313974305598727
