"model","df","y.13","y.13t","y.19"
"TNB",2,0,0,0
"LS",1,1.6686670777126,30.6597576239801,31.1660064786774
"PLN",2,60.4293766516421,44.8693988124433,40.2660492920113
