"","Estimate 2013","Std. Error 2013","Estimate 2013t","Std. Error 2013t","Estimate 2019","Std. Error 2019"
"size",0.0182356624959875,0.00831955962739449,0.0498626048097884,0.00889008338931493,0.0442713008766656,0.00770078436883081
"mu",12.5448695520208,5.35554192405205,32.8827705006181,4.9854477208818,52.4224793767006,7.82804743323736
"alpha",751.32329198626,29.7719786118216,678.15384968358,28.2561106807686,693.250773336243,28.3650134457476
"mu",2.26783476657072,0.0554613131715522,2.52988031275313,0.0511472278383707,2.80822565502827,0.0504356148189542
"sig",2.41562478833103,0.0400358003307577,2.32284157814228,0.0383110986742782,2.47539886056923,0.0380294623004552
