"model","df","y.13","y.13t","y.19"
"TNB",2,0,0,0
"LS",1,1.66866709059832,30.0299005043635,31.5119572633703
"PLN",2,60.4293766645278,47.8700722551657,42.0911712118614
